"","(Intercept)","Epoch2-1","Epoch3-2","Epoch4-3","Epoch5-4","Probability1","Session1","Epoch2-1:Probability1","Epoch3-2:Probability1","Epoch4-3:Probability1","Epoch5-4:Probability1","Epoch2-1:Session1","Epoch3-2:Session1","Epoch4-3:Session1","Epoch5-4:Session1","Probability1:Session1","Epoch2-1:Probability1:Session1","Epoch3-2:Probability1:Session1","Epoch4-3:Probability1:Session1","Epoch5-4:Probability1:Session1"
"P001G01S01",-0.726442795392624,-0.367468106925294,1.50482283147227,-0.468631431180831,-0.658603494642823,0.0829214698756768,-0.244265264456609,-0.557209804362592,2.65238203366912,-1.9023182701469,0.10526715863295,-1.15021561506021,1.5472280140259,-1.86181050525629,1.14744708071382,-1.17762655073325,-0.811915111270534,1.26480531286321,-2.07904964472912,1.23607075568643
"P002G01S02",0.407019389645062,0.520353299931382,0.595014705409309,-2.07278030937388,1.980918410871,-0.642791008498958,0.518746812650022,-1.14454018398683,1.4879152058162,-1.09631742872338,0.319239301269932,-0.0126789678453037,2.73335637658024,-2.89002361809403,0.730629520935899,1.00254423080609,-1.80555404533523,2.55184040121272,-2.0744393053615,-0.130375965042037
"P003G02S01",-0.557762279889159,-0.159748933906719,0.461964276568914,-0.216309272762789,-0.28878091375344,0.0931299015909223,-0.835097914592249,0.733871304737495,0.149410692657104,-0.45396861300936,0.771455004349487,0.410370981191834,1.34767166719531,-0.856474402723394,0.475534986412669,0.75340510140205,-1.0005125836484,1.1287220475631,-1.57106964179669,0.766792866639876
"P004G02S02",0.99936668578847,-0.283258314985948,-0.633801986492762,1.53679254247604,-1.33994200019463,-2.12997163520201,1.21944476078131,-0.78931891804499,0.255966632134891,1.11091607914075,-0.120914171470505,0.966292137797871,-1.43964154203638,0.450878334622644,-0.708187621570761,-0.0690336519307253,1.28261057844165,-2.81318664509995,0.0886214819055639,0.406874562033451
"P005G01S01",-0.39480522479202,-2.68397812480582,-0.556603629099643,0.785171121917636,-1.44967177049222,-1.10834808484217,1.42032411729943,0.290148632871514,-0.367988665751693,0.189502642246133,-1.32989523455563,0.764033565761367,-0.816046240894845,-0.12295549019918,0.417978478588538,-0.182928618053934,0.343692553885657,0.32418344195852,0.212310377166618,-0.196935043458304
"P006G01S02",-0.451314366855081,0.0283575654534415,0.644663839586924,-1.27728667641988,-0.0120053351465799,-0.210995370936783,-0.73792201211024,-0.57137938614391,1.09771331244591,-1.22306288385061,-0.0312977317965264,-0.0680744478185185,1.10675012131444,-0.921916276631594,0.758337258925323,0.0580616941971862,0.668566281521934,0.139697413856335,-0.826340579021889,0.0698350782674284
"P007G02S01",1.70797087050712,0.20564016224694,1.08185924797462,0.240395502973901,-0.243874045117085,-0.0758631095423725,-1.09084203206263,-1.15182963602546,0.588022791481755,-0.12032818961218,1.38770736330995,2.26976877398684,-1.46691557554131,-0.695041472521478,2.1552465544657,0.127730227939265,2.35854873522739,-1.64541880783494,-0.0974633708462887,1.09537082600912
"P008G02S02",-0.149867300684769,0.633755615734655,-0.115760457237141,-0.82231846198826,0.129902134032676,0.143443435206161,-1.03881893943697,1.74267338270074,-0.0598094288262243,-0.0275827967293377,-0.564737063830651,-0.655158507946458,0.480408504958147,1.36641844529641,-0.994160284579603,0.553707146038114,-0.301717034311529,0.16182879131527,1.34817460911208,-0.993329863250275
"P009G01S01",-1.37227440104725,-0.218653018427392,0.912854205670403,0.378762486978414,0.280016667799271,-0.459190660045502,-0.601770749835428,-0.751584557167943,0.592712938894073,-0.0805293902159407,0.035963754029444,0.527750949938783,0.171705403781094,0.235607474636891,0.220885226776558,0.542593388730905,-0.350204879024143,0.0286826219553363,1.48687790781077,-1.41300301808239
"P010G01S02",-0.304096208585243,0.61471072911209,-0.784038402882282,1.11148338567648,0.0495432738895787,0.474228374065739,-0.23465380961888,-0.589001379413217,1.30587028267051,-0.794081587893099,0.711847488896039,-0.39214638930081,-0.260739542994051,-0.132122716665654,0.735844241754444,0.252552743455705,0.00790630746679429,-0.565184341419876,2.1634931115101,-0.291216105738787
"P011G02S01",-1.65393777368816,0.868912321732425,-1.39825632445512,0.0374692624360784,0.705235351824191,-0.377429393789971,-2.52786903629389,0.973067050514742,-1.94220665936292,0.602014900187765,1.5981957651,1.06832942560292,-1.27468482703566,1.67302089671009,-0.396937453872556,-0.3297544617395,0.792163607000804,-0.13114426816583,-0.569135343540027,-0.461598411048892
"P012G02S02",0.0199869112045269,-0.336638995441127,2.72034989900071,-0.893017495043803,-0.42643123325475,-1.39930259235039,0.943026134544286,-1.55717826525373,1.85784112778685,-1.190362912378,-0.894971601903314,-1.06091626130429,-1.53363530992502,1.56060401385973,0.81023539629834,0.232297336436992,-0.675144876219615,-0.835469977181221,1.17703905439771,0.312681927827492
"P014G01S02",0.174808232255886,-0.53547154143791,1.01313195550312,-0.540366762696859,-0.556711664179265,-0.387459031150719,-1.2965495589802,-1.0295053087149,0.54829189407624,0.227165523703012,-0.235971066928219,-0.84738194710216,-0.631109449916004,1.25848823800212,-1.31755824895206,-0.354526066898885,-0.901140712777423,-0.476940538553539,0.796797036246583,-1.50844206367731
"P015G02S01",-0.572240166840831,0.623724380014693,0.647449810243967,0.452770202603979,-0.000306410737705319,0.325767085415505,-0.213883810577144,0.518952498099959,-0.352297673588467,0.555811319152346,-0.307516996618962,1.18827855989752,-1.41581608572494,0.404222430835528,0.413429401439053,-0.645023361204296,1.2822890987935,-2.19262020379064,1.11265458626632,0.655863852145796
"P016G02S02",0.691215537816002,1.10502372096792,-0.811363364996939,-2.36138714942682,-0.468810118855756,0.456789992427496,0.576239865376079,0.228257629337669,-1.11312794337054,-0.474029767167256,-0.236893924657039,1.58671104241661,-0.301363843799094,-0.0675732710162225,-0.653943165153602,-0.640398108972425,-0.170485082085753,0.0206167490671005,1.75814865772539,-1.61272698392553
"P017G01S01",0.822528800157658,0.543111643086282,-0.938207013561744,1.34590788289796,-0.505675890494011,-0.902563613392899,0.833379148661863,-0.11019818977434,-0.932681096313266,0.463825901836734,-0.106920317256665,0.798247251636614,-1.11074626351202,1.53837512820088,-0.577606396582179,-0.143354611719576,-0.0978144735013486,-0.873148184538329,0.463778761205265,-0.109067882008827
"P018G01S02",-2.35892846667908,1.36271742286751,-0.223082048094626,0.619514230320176,-0.261345294889805,0.0837302463872448,-1.3078526874821,0.639613563371,-0.190943643006383,0.0369832650890312,-0.181034940049718,0.435824636630613,0.660805047656942,0.203829745622791,-0.881609403622113,0.176709057815322,-0.0512814352805467,0.730104805700716,-0.406642663235732,0.105764853165975
"P019G02S01",0.305196456337007,0.873494066586078,-1.32814096821857,-1.12942133371935,2.5700425425343,-1.31980649575342,-0.877174677623552,-1.66755165277189,0.0464387305246657,0.0524017712961012,0.314567665084154,2.4107201547992,-1.08888633641986,-0.551844002259476,-2.29683686278991,-0.251776147758087,1.27726527604643,-0.188266315231816,0.502377937629696,-1.17294754878495
"P020G02S02",-0.423530216929152,0.299469611049147,-1.07124069175421,1.23510345009744,0.657264962308485,1.28515586409594,-0.99340104183892,-0.313846544229933,-1.68971798694573,1.63513615867636,0.424147342056084,0.0946086745703749,-0.152303344687122,-0.0397558258554425,0.526251640912372,0.805225350242663,-0.503676276569949,-1.25197116931328,0.462660913011715,0.625688472882099
"P021G01S01",2.16777627834467,1.97194080246468,0.977229659953723,-2.16821591971086,1.22425632862043,-1.06857974294372,-0.2748889890014,0.57558339654961,1.13646331552815,-1.72456040789464,0.762743238833121,-0.704593489516859,-1.65033970071748,0.992489798606976,0.27366419884969,0.904400060634954,-1.13064551734779,0.719269181135787,-0.0731669853641887,-0.880256493450765
"P022G01S02",-0.838080889607677,-0.00605354187690911,-0.161390314917688,0.593196474041187,-0.413595152638156,1.54623068802692,-1.46230066474895,1.21501076443035,0.575631195255219,0.501663221594019,-1.52312265278281,-0.564912559895225,-1.02924902597546,-0.319675392797204,0.988804314297396,-0.0316232955595856,0.700301649135886,-0.652620680015075,-0.909264642888773,1.34663561127883
"P023G02S01",0.827586263578772,-0.926157291967067,0.915688808381262,-0.613140358129445,-0.481390470774993,-0.686684149233009,-0.212982162651843,0.00332199878528339,0.254923726152457,0.38566951506386,-1.74508530578519,-0.220832770519737,0.819893008841418,-2.02049818935903,1.86681572503029,0.739514185854802,-0.994877784964965,-0.181836070101221,-0.545117969340444,1.20258163968568
"P024G02S02",1.82572774350374,1.33539138752551,-1.72801312555006,0.271800147145916,-0.0738312922148877,-2.5364716366565,1.81339398659992,0.0261186818765996,0.16055135525863,0.46093469441362,-0.959731445742047,1.52449883187198,-1.5880450606611,0.50579875388597,-0.154733276234073,-0.441118261998148,0.108617685755517,0.109895845175327,0.45501864561193,-0.979045335091283
"P025G01S01",-0.293113504708686,0.291965565323776,-1.1125763271551,-2.28890588662329,0.200784671618352,-1.56182522723029,-0.458368339912206,1.29219070530933,-1.04651086646192,-1.09845159477204,0.395002723520191,1.36538130902316,-0.390338885067048,-0.921858719346785,0.705270647840228,-0.22369653642942,1.3690156937633,-0.748454180949515,-1.32953862922937,0.527775770577207
"P026G01S02",-0.365996989553411,0.161681809130494,-0.859261005709689,1.43116908295173,-1.52977368560374,2.42681204819164,-0.0968804994508775,0.0204212415503932,-0.500363668411841,2.27328043086051,-2.71890422404452,-0.116891142194779,1.04358863082849,-0.330533605330626,-0.464783515491994,-0.868866497017546,0.183712110258555,0.469140247209646,-0.0185102305544196,-0.623688090485911
"P027G02S01",-0.68843438420881,-0.648667997581042,0.356871018936949,0.305240896656387,-0.934060817647834,1.16572618681486,-0.302394524729473,0.324489228980369,-0.239984355244292,0.60810960812453,0.599388982865436,-0.951677684673046,-1.71317435005114,0.0705350174953176,0.123966858760033,-0.620877790788426,0.125209245588621,-0.81079036778987,-0.27839589042774,0.627745985284147
"P028G02S02",2.03788666474666,0.413867832069809,-0.287949189977001,-0.535269644930734,0.300299314111306,-1.58304346809258,0.207180935281066,0.261602646879943,-0.340281792670824,1.02008311463906,-0.394183655223653,-0.205679261204231,0.520024711655809,-0.0611347966467992,-0.527614188879387,0.195933442991392,-0.20443540145146,0.296353882899931,-1.02925439400699,0.404785223663777
"P029G01S01",-1.11426670721319,-0.318239856481422,1.19580245461764,0.488739769683453,-0.358892914526592,0.590699669814365,-0.886207595278191,-0.791147547958342,0.833362968500985,0.0927298329023407,0.434551643868691,0.762911665335091,-1.35618431117778,0.445956487902812,1.00190730955841,1.13334527042412,0.694250247633359,-0.549697795592949,0.188954397899322,0.844170881139411
"P030G01S02",-0.365676905663597,-0.330999610146855,-0.371780107883536,-0.303293404800266,-0.0137961735603332,0.0964212821055978,0.0819530619743539,-1.40813105959269,0.127177595827452,0.050808964080931,0.156247903355195,-0.525912025342248,-1.18757761729436,-1.0076811653859,1.71794859644758,0.490001111829807,-0.628749588674706,-1.43371524376578,0.263921220710324,0.175572196630687
"P031G02S01",-1.15126723551462,0.73940471987154,0.205282080499608,-2.16516015276467,1.48927114837681,-1.3641467234779,0.614084604652581,0.525842364764469,1.79111422024502,-2.12001237532563,-0.20355824028224,-0.16801330664496,1.86520239526172,0.295326986196638,-1.49445165017041,0.853043066982552,-1.15845803289688,0.41864534946957,0.818366485025912,0.718280362266598
"P032G02S02",1.35250848693749,0.376562121864123,1.22644315186351,0.780728752387192,-1.49454364042822,1.89432134163635,-0.107902373496171,-2.21363724600554,1.71043526061287,-0.340933948597489,-1.8117864249096,0.57005693827139,-0.377692508447317,0.0824822622265723,-0.628462753323763,-0.705572862310103,-1.02222658293533,-0.313834362890436,0.204120144070349,1.20843170236111
"P033G01S01",-0.373003846597231,-0.0385710182512382,-0.828046927791846,0.881801209738572,-1.15079147007224,1.24954808508485,-2.21925623477867,0.43025339535132,-1.71010719280604,2.09525654276933,-0.813516431532786,-0.287169940267416,1.14357884452454,-0.86706469322601,0.0909514730770385,2.05286831976007,-0.681456580552836,1.74972891856177,-0.840788371165002,0.689616244896093
"P034G01S02",0.203718009617144,0.964423718575496,-0.452235734993534,-0.29906972923743,-1.7324263727587,0.260864163766248,1.47730861948639,1.23290568673857,-0.510321207015925,-0.417723148410079,-1.48501063987479,1.17287808811495,0.461506165222423,-0.987575820698542,0.435843305587689,-0.611726488675045,0.745618348726401,0.471734706746891,-0.877543193959911,0.94043034611096
"P035G01S01",-0.478349980105213,-0.287491488169745,0.822563268647838,-0.208179178341216,1.05052588814486,0.838993346889736,-0.850467125586591,0.52971080766989,0.130790449681164,0.6297334548792,-0.615648861381907,-1.11991700770668,1.13679601373009,-1.68982627286821,1.66904793166935,-0.119635557357183,0.344188668641708,1.52197244441751,-0.684060804155623,-0.885285866977444
"P036G02S02",0.882778828963279,0.53546556652752,-0.737056829006278,-1.60459254957201,1.32332654125752,1.03698534669957,-0.164559462541871,2.17170938973676,-1.07174861249258,-1.13464121842588,1.08721421088827,0.521883371633815,-1.11624572204304,-0.36442917966041,0.0361577573077613,0.459829025105444,2.00115285971673,-1.16630966177243,-0.417406310960136,-0.0318255756759071
"P037G01S01",-0.237010791713067,-0.113816886023146,0.534541860034764,0.837971372187859,1.04007311300896,-0.716711858978785,-0.0878801101168048,0.41309005283431,-0.758265887433266,0.445054934667542,0.132629031618193,-0.0247219853003078,-0.0946780023738856,0.583250170274174,1.27588791379372,0.0942236344529287,0.314804614852458,-1.39879838065022,0.149088408236169,1.19142728620062
"P038G01S02",-1.78994882576392,-0.206913238927695,-2.41007126412988,0.905879441495807,0.359562550052279,-0.479579238498886,-1.24539496074736,0.665354449125801,-0.688386870583902,-0.115542283448588,-0.374657044047768,-1.30270936497916,0.411006069239552,1.25014089613814,-1.00165771431169,1.32289405745546,-0.275152514826393,-0.0858662248603199,0.376275596942046,-0.940088130711944
"P039G02S01",-1.15254629570803,0.280110566065447,-0.342664840679949,1.69836559875089,-0.163825208237345,-0.24476844060216,-0.540510835115961,-0.539649464522606,0.0548935399012848,0.745723559012505,-0.0196735104438374,0.709455600071782,-1.54213781072344,0.165026352046097,1.69898869846795,-1.0023673184972,-0.225329810881515,-0.596292835843851,-0.156429429612213,0.826545243547432
"P040G02S02",0.729809354163254,0.561313135420363,1.28334137225682,-0.522060929261911,0.169373092932451,-0.892232078883864,-0.423957730400206,0.699429523184924,-0.32635621485531,-0.458068748911205,-0.894260116622258,0.095320234101272,0.386254793402564,-1.19003327858048,0.408020382117593,-0.693562801180009,0.162622172733805,0.614526721984707,-2.01746274765062,0.527159462635827
"P041G01S01",0.0680357115864408,-0.212605369597813,-0.102931252541926,-0.617159101963767,-0.0863903943886763,-0.839508594309824,0.146937376990048,-0.723409670798499,0.710646496646859,-0.130594375477289,0.231730258348104,-0.0839809508970092,0.207400890998287,-0.354062865525479,-0.0787431570354116,-0.295581811609281,-0.660455913255257,0.662013269608648,-0.129555768067241,0.235753950795028
"P042G01S02",-0.790384933892427,2.37146763461744,-0.696172921530937,0.411739969902977,1.51153168168452,0.03393638751959,-0.522113587018799,1.55051247128208,-1.794168044471,0.371125847133521,1.24192186394124,1.76554619312173,-0.97304106848867,0.29372774495925,1.38399713571068,0.0152368205425577,1.42126773517231,-1.67930492012488,0.371886145999958,1.2419241398138
"P043G02S01",-1.43958130675422,-0.201704636586676,-0.0683754484304122,0.623515214038586,0.156504553641926,0.382060198904548,-0.233014439570362,0.051603739285886,0.429544816143021,0.830947943598787,-0.666607493733234,0.436256991748371,-1.01281935741072,-0.975794087550045,1.52038505801825,0.822255249144844,-0.0151098336058517,-0.0703137867229193,0.804249322353129,0.0476378654619049
"P044G02S02",-0.595003940156236,0.547107518914,-0.546174414623358,0.361132830600207,-0.714188426947984,0.386383555520598,-0.0567897985128315,1.75652438738173,-1.07401021160312,0.938818753158099,-0.342885292753967,-0.18898926925722,0.34431665867616,-0.363464423896997,0.735876304875036,-2.87918552113425,-0.56422947094729,0.555750202778283,0.372075027374908,-0.306856573321777
"P045G01S01",0.0420477916156954,0.3318792648148,-0.157890776939205,-0.95985766632947,1.21334278636507,-0.698011604118011,-0.0181869618979012,0.695046999193465,-0.265442187121213,-0.45072734489593,-0.0365057200965524,0.289719625102275,-0.304946020836954,-0.0154179147220508,-0.190812880741092,0.64956985952166,-0.11254084922865,0.218962569330771,0.607046908083267,0.0596222652925802
"P047G02S01",-0.277944090340485,-0.00627138047859845,-0.0824072767161549,0.445783331740965,-0.102931134754449,-0.309303342883884,1.03780068477834,0.0814336957742846,-1.6994840389665,0.655674342917529,0.433164761036696,-0.115140677094358,-0.427613187077967,1.5129444136057,-1.01189764446242,1.39942310951499,0.224536909388747,-0.883344586492777,2.07118046795656,-1.29999100125262
"P048G02S02",-0.589795647305491,-2.28192765155622,0.268437684502115,-1.0801201386982,0.498069354026357,0.913211667630875,-0.187176839765037,1.13180300311764,0.120909986350263,-2.1776104184193,2.06920523665231,-2.27525325363308,0.55548774968207,1.04930194478081,-2.62939444755469,0.172016988989412,-0.213058818867444,0.631428686833583,0.184420533742151,-1.54656618262248
"P049G01S01",-0.142568548081521,-1.73135027888327,-0.49051129973536,0.20991665091435,0.155662972917983,0.671025043307437,0.112113909442721,0.210287655747509,0.635787269073615,-0.850895652171574,1.18076187551293,-1.48586664553299,0.142622746988214,-0.0180115569232124,-0.374191575930912,-1.34370368317043,0.0227598043258442,-0.20776798615921,-0.47931066538954,-0.173680310613464
"P050G01S02",0.282144503493126,0.205120316288451,0.135531531873023,-0.102460658096536,0.131034115728194,0.433069390644452,0.36967111682913,-1.01211758265999,0.810865320543915,-0.730101192452261,-0.582556792628713,-1.13151660395627,0.293067935095913,0.515878757914432,0.403350500183487,1.67436724571767,-0.239130971886745,-0.545149879770086,1.36838972987401,-0.288235472425834
"P051G02S01",1.89002125242334,-1.42716276220984,1.07645228707116,-0.642162225107266,0.509660120067427,-1.85664923755413,0.897633829324371,1.69117785746742,-1.64285795802892,-1.33854812464339,0.960282888084941,-1.58935189963858,0.660840590999498,-0.624298983213701,-0.155761317003341,0.365969512322083,0.884492735154862,0.397432528843603,-0.368106988531211,-0.461834467444575
"P052G02S02",0.740488905553549,0.602813639483925,0.718617128163497,1.8369305325489,-1.67261144776197,-0.113478771194981,-1.03794637726236,0.541084918978652,-0.25693651151258,1.19038042158046,-0.792143565035723,0.0510026152683974,0.184265315915957,1.15573709978836,-0.690910244939748,-0.120244798817785,-0.958987398867233,1.15950173577314,0.0114475670513633,-0.233936759629828
"P053G01S01",0.278915439574475,1.59284017359418,0.197721961904122,0.759680059931229,0.970610216729908,-0.777477011441567,1.32947819470423,0.533628934298771,-0.647830325577986,-0.172918815539136,0.737868620109469,0.154962221427762,0.239444510178773,-0.862724730769489,0.250890893418419,1.01584698382256,1.09448840938813,0.218452849100428,-0.342315748465049,-0.0434702123027193
"P054G01S02",-0.533896772906397,-0.204581610585444,1.04527523830731,-1.83893688681523,1.67123607889872,0.000578961409094011,-0.121697968070696,-1.51344689972332,1.39779955262153,-1.55496296684856,0.45290360196349,0.624739404371968,-0.859105281336817,0.934835196448659,-0.557171350570357,2.19760318958574,2.47753409973428,-1.23942905435824,0.9208910128558,0.221002416286231
"P055G02S01",1.65969427420944,-2.08665761755541,0.999982363795484,0.164357661994642,-1.83777133089665,-0.0942565436410239,0.758009694015777,-1.03723327518752,-0.36660481949125,-0.783678036228333,0.655675349950003,0.728522195474415,-0.183478372063036,0.956915135977344,-0.542236814171819,-1.16209850743181,-0.394674339234549,0.472063379179161,-0.784964031000554,0.284115328947045
"P056G02S02",-1.19924767279708,-0.328763277217548,-0.589440481437776,0.851689764198316,-0.474650076348684,0.218479542440657,-0.883722801648526,0.603955003871552,-0.816091065855618,0.793323453020171,-1.02342724883569,0.450828374745358,-0.867474671977879,0.379860815104828,-0.127418939535412,0.601261094834783,0.721835754025067,-0.884753259606768,1.25206380506215,-0.509457143921237
"P057G01S01",0.147751527971023,0.000384661053514764,-1.59284248880202,0.090804457726763,-0.158042420814711,-1.47297925913477,0.269319457829495,0.403178380976268,-0.529204744755175,0.748902617197425,-0.769875141424066,-0.758650981273945,0.991092882668839,-0.317959050671325,-0.134160791387989,0.0839581820107569,0.0075565630153742,0.116027773941317,-1.0815672449081,0.239609183114118
"P058G01S02",1.05688316566829,-0.673359458493113,-0.776324588078489,2.07796710588709,-1.97171621626877,-0.305059845482032,-0.455958175540971,-1.40055376546891,0.322440294374298,1.16069320513869,-1.14461222680398,2.52762553084521,1.38102944618452,0.937146162064384,-0.160963914669539,0.857689200250823,2.09460458005986,-2.12721478759681,2.30872793998621,-0.100080005190663
"P059G02S01",1.69753185109676,-0.390943947638921,-0.369412060728912,1.46382295385047,-2.05410641792284,0.0518002741996049,1.36124124919232,1.11897055998482,-0.995707208714961,0.908185754948182,-0.656654666216243,-0.263889638936184,-0.79907279362362,-1.80450973862871,0.190332400143969,-2.56727083587757,-0.549518802152814,1.38325856870758,-1.28764345733399,0.221689847389542
"P060G02S02",-0.695535593993574,-0.412402419650315,-0.559771518968398,1.76697244825651,-0.812653931941614,1.36515994246389,-0.243737576613325,0.774849530717341,-1.17635425006938,0.875113742473855,0.68177167275171,0.194748822783235,-0.731178415525711,0.593847938547146,-0.81519497779942,-1.1094289784947,-0.335166995511579,-0.682725469179395,0.779344708666629,-1.28300572913445
"P061G01S01",0.440960477285778,-1.81164579956404,1.88450685894517,-0.608781932712943,-0.50567342434541,-0.936063395059871,-1.08854749634471,-0.718366670175454,-0.145067773300151,0.788477494528072,-0.164267447852792,-1.52860123559498,0.307336734187465,-0.39437944979854,0.339197022413414,0.327301138175401,-0.237797650938403,0.0215410562109379,1.41422258471445,-0.246828781937127
"P062G01S02",-1.00508450879736,0.0777534865959535,-0.944864580862767,-0.00123713367614079,0.832382213566719,-0.122319609976586,-0.710852827352672,0.874444008120823,-0.866635567238285,-0.582835025123112,1.03138443415458,-0.824600565544261,0.892770371140394,-0.327722221058614,1.72029017443243,0.702608747769905,-0.45282766458042,0.769426576953009,-0.743676446101077,2.89162233471279
"P063G02S01",-0.848916246555964,-0.113508827822298,-0.397987144671925,1.20974325438217,-0.006618854438043,-0.609421589161336,-0.527905367500066,-0.433248119512216,0.0438785730291819,-0.611484671374116,0.114503587748336,-0.651124626755106,0.42860566408228,2.01295327134557,-1.68721126477471,-0.80215679946558,0.878440595575106,-0.54742726642428,0.258558320170048,-1.2382600425817
"P064G02S02",0.494626105505526,-1.96696414832378,1.52074843733236,-0.655521184712083,-0.704123322251021,-0.494410357352341,-0.352554190496591,-1.04682856072406,1.28422987718569,-1.16569021583007,0.105408740547478,-1.5253044327464,0.95681864337465,0.692459714711582,-0.305991986644062,-0.514505991556346,0.361959365939872,-0.359937722514486,-0.148024138289472,0.364442715799741
"P065G01S01",0.99249168052836,1.346820486668,-1.01368901508822,0.695884262504061,-0.670289757741883,1.57262356584614,0.838712613468295,-0.555491770727166,-1.51051150183919,2.3182719918286,-1.22650859558077,0.345487102300545,0.146586532126987,-1.50740375257385,-1.13765976488801,-1.12814094095699,0.557309669359865,-0.212146473027685,-0.409386788187863,-0.336868908855423
"P066G02S01",0.669558746211339,-0.639977932967196,-1.22743059842756,1.46011967824973,0.721249366728806,1.07666229196148,0.714802205918959,0.486844514287833,-0.0482755396100306,0.438916628481861,-0.0902095601617786,-0.508752341287389,0.0159792937378048,0.81248602944238,0.514081812058276,0.811932886164012,-1.47836156045776,1.14067584322594,0.0819744789891422,1.32806815155858
"P067G01S02",0.397235984959391,-0.217580631902391,-0.791048990882699,0.0633664775011953,1.30614259888492,-0.291707857808215,0.355928049013667,0.14793270417195,-0.535789311499792,-0.942711887411547,2.5163579361898,-0.997353112518409,-1.13903059757815,1.76758401308637,-0.838246105679602,-0.509764460702112,-0.665341423817666,-0.934266200266106,2.1002109498963,-0.0165601443418161
"P068G02S01",1.15795321639505,0.767504320137862,-1.07508981498303,-0.475164299224989,1.44117417869646,-1.48620973633643,3.15729649365505,-0.80402476118247,-0.905804588732,1.15382867891114,1.58329082114968,1.32328410456696,0.587849102583767,-0.130300610725336,0.102311014286322,0.0308246458054454,-0.779987039573,-0.0712924833935003,0.759664648138891,1.23002828581184
"P069G02S02",1.5314358832618,-0.646939823025185,-1.48995805037048,-2.04294784112962,-0.666971796666881,-0.0766780458747313,2.1824617453709,-0.474938015946625,0.865295490259373,-0.487516248476837,0.484958935086239,0.911361699264168,-0.679449334800643,-1.74196842255204,0.155310739986481,-0.194101640201182,-0.672377592508885,0.515059371756071,-1.07678192533118,0.880017741116223
"P070G01S01",0.398835155959847,0.4137399052664,-0.0133640770924096,0.979655460602109,-0.943379756611969,1.09744219995752,-0.121351302788391,0.18051729956304,-0.00521528231273459,2.15202937958184,-1.56612234502285,-0.0241165208852488,-0.344441240774697,-1.5138168101421,0.807512942058216,0.241127500008505,-0.281441088197804,0.0706327586720099,0.239696790354042,0.0146115584968254
"P071G01S02",0.941715860652921,-0.21372273665142,-1.17798550724743,0.966455600757362,-0.499283632208115,0.91221114113128,0.245950724891754,-0.436827177714452,0.791038251844916,0.667006337821104,-1.48580917970641,0.714017964785113,0.781026321423935,-0.595222117944289,-1.26888212661119,-1.41432939102604,-0.296224363364135,0.863003139567317,0.260583623758541,-1.29323833055372
"P072G02S01",-1.40257532215479,0.279744734692662,0.159070330898193,-0.347579507664482,1.58779654888872,1.93121516250269,-1.08152403846999,0.0637617543699621,0.75637460066314,0.360902599699632,1.47748796877832,-0.588119332025107,0.549426118290898,0.00497790788044749,-0.064343718995599,-0.662272104654005,-2.14692715365056,1.65649301092307,0.337854024063289,-2.3239191979844
"P073G02S02",0.166559378682884,-1.32588269721688,0.158659074498095,0.253380737435849,-0.14721807709824,0.680689644320618,1.16610811892741,-1.33956178859749,2.08826682597631,-1.02705210159906,-0.679724721347282,-0.307545066982041,-0.376051370447783,-0.184378822371254,-0.726353313036462,-0.0532369294640837,0.461665479136715,0.153775662555672,0.810741894637061,0.222528399344012
"P074G01S01",0.444845008151542,0.293258646481432,0.339965092365931,-1.67702703666503,1.31072827446417,0.214056064539326,-0.172087373003786,0.0523930652327489,0.167835053193322,-1.33968827032673,0.616718132976617,-2.03424403233394,0.933374364069637,-0.0489073288712825,1.32033386551412,-0.737386066726794,-1.29008206729538,1.62074371264664,-0.577443949246151,-0.420118581443776
"P075G01S02",0.799813828499165,-1.62234905417149,1.80045460920189,-0.471171434565508,-0.368404296551644,1.73179285083231,-0.438328499441099,0.0483599736805052,-0.42597894405677,1.42365212967114,-1.47631428130461,-1.09840922921356,2.40632964162755,-1.54838709312471,-1.00729625724445,0.162956176798972,-2.05163448365188,1.69583798931348,-0.127806545329306,-0.832866152199543
"P077G02S02",0.360976833203253,-0.321405995783793,2.18157250445444,-1.16333200992901,0.559375128001655,0.24894189730825,0.370482818979881,-0.995532698170528,2.44574575156958,-1.26447602820719,0.369495265115682,-0.56608970009163,-0.145630936750014,1.44530505250124,-0.543965760239121,0.936416877239374,-1.42154218003837,-0.640430684357924,1.47554817719972,0.917189048353967
"P078G01S01",0.359480933366665,1.74438159942451,2.75302470785439,0.388547253929069,-2.14511425385169,1.06955777719424,1.28772415852211,1.44129811561078,0.315630744988842,0.382538238975816,-2.34401273936417,1.98143789851792,-0.418728631618344,1.0120400650489,-2.5726137441015,-1.18282678104557,2.38711986100926,-1.31723042568812,1.18620982212957,-2.48897976354352
"P079G01S02",-1.58973955152309,-0.05787811566294,-1.09470971415166,-0.469990987683279,1.30606321121221,-0.124209932019904,-0.371260333692616,0.685508585679297,-1.29715389723868,-0.827289174730793,1.08582581080819,-0.755179093444155,1.56451017813355,0.475002372131967,-2.42913011587093,-1.10695769549612,-0.237068668058159,-0.135860230015138,0.858679617213824,-1.52704633931403
"P080G02S01",-1.40599057073239,-0.279652271711787,1.2583524596272,0.634069753955224,-2.53164111914835,-1.67841584655112,-1.03578341628626,-1.37704954847336,0.594581828470677,1.83564204568018,-2.31047379348726,-1.0216001461938,1.22862891487553,1.18924174475437,-0.148742607513616,1.72034116682612,0.164594962983506,1.76573332313377,-0.487510735966992,0.14278008468288
"P081G02S02",0.711468641124643,-1.12694164647836,-0.0623064370573762,-1.26894450769969,-1.19963862666969,0.77874598196801,-0.181893455106074,-4.07176462135338,1.97253934833554,-0.543726985052786,-1.87254036885272,-0.433532895814197,-0.776630414991548,-0.550116198080741,1.41314833600526,0.986684232758791,-1.1547071448743,-1.44304396193087,-0.536458114810705,2.14070482567172
"P082G01S01",-1.8982997261127,0.015031802471586,0.213234023778554,0.370294931546219,0.411833359916067,2.34502898697627,-0.310615562245013,-0.256732777237336,1.5324287077716,-2.10121181072746,1.20176711150575,0.782058560692508,-1.34348018970821,-0.324511525886615,0.580758001372291,-3.1624286872392,0.360723322681349,-0.781786133313569,-1.90044259592976,1.48116898061208
"P084G02S01",-0.120490072697518,1.05133048376503,0.268991089625596,-0.806296723795383,0.26015739373333,-0.918918015210031,0.459787018791585,1.54137006813846,-1.49524373820566,-1.01302636581719,0.907203318402476,0.709675602236246,-0.0668450446539333,1.21476777103585,-1.28178363991748,-0.102501529773194,1.16034530850772,-0.186935527804353,-0.123429234126795,-0.753102820811587
"P085G02S02",0.416440557380667,0.546042088301926,-0.578420433646526,0.958483270669164,0.710203516769416,0.164705650053067,0.307663571595972,1.02717762515397,-0.85735416908272,0.263811659523819,0.548098517925172,0.910000361910007,-0.598034281051359,1.27670809301311,0.622396436922554,-0.425135635671755,2.38822112998491,-1.31927828549162,-0.486063772862362,1.40687025556081
"P086G01S01",0.0339791892432972,0.873536905227778,0.790907235103361,0.267733397643668,0.444217759460664,-1.22340670734765,0.464914055483065,0.400947251794333,-0.229726010826908,-0.00014123323892171,0.434891094367375,-0.530590785152495,-0.336656852093202,-0.38859429319029,0.333476535068534,0.434912592077825,-0.372783052635269,0.22575839640386,-0.00301425659915454,-0.428799352163737
"P087G01S02",-1.56643725855696,0.129525482385025,0.0188704997868459,-0.23216486883486,-0.317342659134346,1.12614919081449,-0.628151774227832,-1.29011556548054,1.34209258581346,0.193371798290748,0.546755981448603,-0.522138227897649,0.00491984217152746,0.0908581142791557,1.05222223367821,-2.07006715615873,-0.8732095109289,0.77148578433273,0.387405351218318,-0.0544747195274368
"P088G02S01",-0.524596396539194,0.154165995161637,0.390273206677716,0.15237770624203,0.661027191307969,-0.565875712952774,-0.208948867644309,-0.0973358968365376,-0.389601177775751,0.218840111848177,1.1682098375304,-0.0585267696394139,1.44246784914237,0.548873571132302,0.620117047849741,0.789956142349818,0.0486806424738819,0.307068435997207,0.948835439717358,-0.981800686205091
"P089G02S02",1.26050349535778,0.659476957704356,0.222340723349609,-0.451559696653226,0.828068489303134,-0.444747116265664,-1.67095964328052,-0.827435641901527,1.13784598901057,-0.643611293141341,-0.0261379466891582,0.255829944936092,1.38208964383056,-1.44266125996171,-1.03555807263632,0.725696141978942,-0.541351568350863,2.56791598386028,0.134185549881075,-2.34212242672799
"P090G01S01",-1.54147947684541,0.492838866696877,-0.824924878782361,-0.714531235688155,0.390312759109799,-0.0401081960606276,0.0167017388865495,0.830713721235991,-0.102343575859144,-0.951176711227974,0.113814139752116,-0.552654498381905,-0.461764774688758,0.135065419849155,-0.279801406465781,-0.57304667653315,0.216232531435535,-0.0841116646368859,0.153533345480645,-0.113568238348385
"P091G01S02",-0.783131095510086,-0.727053822671536,0.174036081834067,0.0789482620046309,1.25742167760599,-1.23532806151303,-0.109597976128787,-0.84777991029786,0.643836884878357,-1.1651719338623,-0.0517825880585492,-0.64368297727743,0.457799883059238,0.507273541217063,-0.757448991677921,0.675816581143621,0.0954065998334547,-0.273340505329251,-0.44766033634064,-1.88853705636082
"P092G02S01",0.642535241921478,-0.660474805849231,0.210200309333865,0.944052352224192,-0.121407656946362,0.0922232818982437,2.00991909798469,-0.107343334909302,0.0451954807794069,0.0683174587456632,0.213933537033748,-0.376857497521961,-0.0452806446912947,-0.767024803500726,0.42412487374048,0.434377895263409,1.06197570419932,0.576173709684887,-3.02241052847412,1.38601879794857
"P093G02S02",1.52972955787205,-0.015221344415485,0.272928761434587,0.411309620632056,-1.43051723668261,0.443032933529796,-0.280107318938325,-0.736869946782273,-0.0130922718403383,-0.0195380751741937,-0.730824153537874,0.095599351142915,1.61153963090276,1.00926116527507,-0.352269363577175,1.41872041602108,0.028160736944404,0.461430343627212,-0.673105913496699,1.06715367587359
"P094G01S01",-0.0741001758695839,0.283939505256032,-0.175670653835412,-0.287291983032023,0.510248294361898,0.102971620694197,1.1262957119652,0.985290590199607,-0.604453080407401,1.24276328100218,0.326264832529864,-0.182788037213649,1.51081795539897,-0.310196899573299,-0.421567798318375,1.87208154148921,0.454040875887302,0.233585555725217,-0.405047910023203,0.529492657341327
"P095G01S02",0.817235835746152,-3.82151295590995,-1.2895546570073,0.455103154108419,0.518134750693479,-0.534202507919215,-0.565692325473731,0.0139399838050515,-1.9004559526576,0.73532852389299,1.08419558420768,1.80990023305509,-1.1043989952872,1.71228502177452,-0.80696796563796,0.890012225141931,0.29837133768496,-0.100081134497251,-1.16419977034079,0.327228375721587
"P096G02S01",1.64669572958336,-1.4337164200099,-2.73565594596223,-0.464623295860137,-1.37799192819164,-0.867691233843522,1.80984121594757,-0.0621451985921796,-0.299384477644993,0.155321063025886,-0.0699114712607138,-2.11116043266933,-0.80535032078618,-0.893622527264283,0.00317795618786524,0.801294771867498,1.47941229959199,0.305375113662629,-0.159892544717561,-0.580068040905444
"P097G02S02",-0.137736603535912,-0.0703829275181292,-0.562194385701364,0.45690583548764,0.19714783836066,0.242850953707959,1.15717415780521,0.388813924275697,-0.680516565032317,-0.602461394398679,1.79501397099987,-0.174360641826538,0.993418858217326,0.536481129468208,-1.72201287826751,-1.44081520773419,-1.58356416891126,2.34010649250839,-0.70700288179646,-1.19701572370825
"P098G01S01",0.330135806218102,-0.130210094048932,-0.044448135392892,0.317038737749032,1.44429609499203,1.16981749550449,0.347863550417128,-0.324860613256234,-0.431687120510157,1.55975076993559,0.278125272876573,0.402617986874378,-0.132684472942663,-1.25040025425407,0.345267404174331,-1.08220361484355,0.0656648697885651,-0.525332840743024,-0.830628134201455,0.0587791468265542
"P099G01S02",0.67712950618532,1.78234276048335,0.382249705174155,-0.8855389362878,-0.437457769536864,-0.916222440025105,3.2976225570932,-0.265919633855434,-0.636346148592125,0.930676476620627,-0.889203772213971,2.05770392953871,-1.59938666598307,-1.02718878189693,1.13274519082547,-0.974513679903135,1.12703234715239,-1.0667914907597,-0.326390925417327,-0.576906021858305
"P100G02S02",-0.430516148855603,-0.347561424847264,1.11423827544949,0.59555271491392,0.641955166358876,0.42397620274171,-0.256039100084578,-0.64780917497044,0.356968075457898,-0.181488307171176,1.29849906672543,-1.18369851614136,1.17820246798776,-1.59014825701135,1.63575651703524,-1.47975488960408,-1.9220527912769,0.63384176734118,-2.06952499051988,1.9532102422595
"P101G02S02",-0.677847889908772,-0.218502320848305,-0.147475297841185,1.29680180927315,-0.144541927967387,1.0085683365589,-0.36130949804744,-0.0519346846084988,0.462122037061228,0.415653507580312,0.16234611123965,-0.366097003733659,-0.354324618810823,1.13507620142335,0.435617455782632,1.41544569680472,-0.013732611607977,-0.341498445822675,1.28092723831509,0.147120983484583
"P102G01S02",-0.250003933676592,1.72911709104047,0.422695064914353,-0.247002266843786,-0.0680922889017826,1.12558403825026,-0.985489052555091,1.06638225867499,-0.183586911364741,-0.790438265332757,0.654192030510579,-0.947170490227383,0.90323579347894,0.487988333995502,-0.0445926625327591,0.313119491802272,-2.01127687593667,0.33286077169913,0.232676939613587,0.830705635735097
"P103G01S02",-1.90794254821506,1.58538208306027,0.751361708246447,-0.957589861166074,1.04187186935184,1.11410337071442,-0.751140076657857,1.74901547163902,0.0382056257732152,-0.737783200736157,0.568205968071473,0.0202918965916891,-0.694628386433214,0.293688301688977,0.272067384197635,-0.0905737521855896,0.210972413143242,0.0071962143980103,-0.301464807329633,-0.259170480306267
