Participant,RT
P001,764
P001,222
P001,255
P001,201
P001,190
P001,210
P001,296
P001,226
P001,0
P001,300
P001,252
P001,195
P001,294
P001,384
P001,315
P001,210
P001,215
P001,214
P001,316
P001,0
P001,338
P001,333
P001,369
P001,512
P001,241
P001,268
P001,246
P001,308
P001,336
P001,386
P001,262
P001,254
P001,418
P001,246
P001,353
P001,252
P001,248
P001,348
P001,339
P001,439
P001,296
P001,202
P001,246
P001,278
P001,214
P001,361
P001,313
P001,317
P001,601
P001,604
P001,401
P001,356
P001,296
P001,309
P001,298
P001,333
P001,304
P001,402
P001,370
P001,328
P001,464
P001,261
P001,229
P001,227
P001,358
P001,923
P001,232
P001,184
P001,236
P001,520
P001,348
P001,267
P001,227
P001,198
P001,246
P001,300
P001,476
P001,639
P001,467
P001,378
P001,286
P001,353
P001,408
P001,433
P001,0
P001,269
P001,390
P001,344
P001,795
P001,498
P001,238
P001,273
P001,238
P001,436
P001,304
P001,695
P001,233
P002,362
P002,256
P002,247
P002,283
P002,234
P002,235
P002,225
P002,224
P002,233
P002,232
P002,294
P002,275
P002,254
P002,237
P002,237
P002,205
P002,216
P002,277
P002,228
P002,213
P002,246
P002,230
P002,325
P002,295
P002,225
P002,224
P002,230
P002,663
P002,257
P002,277
P002,217
P002,305
P002,757
P002,208
P002,219
P002,204
P002,217
P002,211
P002,229
P002,229
P002,239
P002,232
P002,247
P002,235
P002,254
P002,242
P002,220
P002,234
P002,254
P002,223
P002,276
P002,244
P002,243
P002,237
P002,223
P002,220
P002,230
P002,208
P002,252
P002,275
P002,239
P002,205
P002,239
P002,224
P002,231
P002,219
P002,467
P002,292
P002,246
P002,208
P002,301
P002,238
P002,207
P002,206
P002,268
P002,274
P002,237
P002,203
P002,0
P002,248
P002,278
P002,255
P002,190
P002,227
P002,246
P002,218
P002,220
P002,211
P002,314
P002,682
P002,255
P002,320
P002,249
P002,232
P003,65000
P003,65000
P003,14102
P003,757
P003,481
P003,326
P003,357
P003,488
P003,294
P003,214
P003,270
P003,302
P003,346
P003,592
P003,302
P003,286
P003,233
P003,243
P003,263
P003,452
P003,286
P003,322
P003,262
P003,284
P003,247
P003,254
P003,230
P003,323
P003,246
P003,239
P003,239
P003,219
P003,286
P003,280
P003,288
P003,267
P003,316
P003,254
P003,314
P003,271
P003,266
P003,248
P003,316
P003,258
P003,246
P003,243
P003,237
P003,251
P003,216
P003,220
P003,282
P003,311
P003,239
P003,223
P003,259
P003,300
P003,226
P003,305
P003,229
P003,238
P003,252
P003,237
P003,339
P003,212
P003,281
P003,224
P003,254
P003,307
P003,340
P003,285
P003,417
P003,241
P003,294
P004,802
P004,326
P004,211
P004,261
P004,261
P004,313
P004,289
P004,316
P004,286
P004,248
P004,267
P004,226
P004,253
P004,236
P004,283
P004,280
P004,272
P004,378
P004,280
P004,444
P004,268
P004,265
P004,362
P004,310
P004,276
P004,309
P004,321
P004,252
P004,277
P004,262
P004,258
P004,284
P004,238
P004,252
P004,287
P004,465
P004,238
P004,257
P004,277
P004,245
P004,326
P004,276
P004,264
P004,324
P004,270
P004,231
P004,315
P004,269
P004,225
P004,268
P004,291
P004,314
P004,290
P004,252
P004,320
P004,237
P004,380
P004,282
P004,339
P004,243
P004,282
P004,316
P004,256
P004,280
P004,262
P004,317
P004,264
P004,283
P004,394
P004,313
P004,270
P004,375
P004,273
P004,303
P004,252
P004,283
P004,232
P004,268
P004,326
P004,380
P004,303
P004,434
P004,234
P004,229
P004,290
P004,283
P004,249
P004,263
P004,195
P004,248
P005,366
P005,263
P005,239
P005,215
P005,226
P005,241
P005,237
P005,223
P005,221
P005,200
P005,223
P005,218
P005,208
P005,388
P005,220
P005,183
P005,192
P005,198
P005,216
P005,211
P005,206
P005,231
P005,240
P005,322
P005,204
P005,204
P005,0
P005,371
P005,259
P005,267
P005,304
P005,251
P005,267
P005,322
P005,246
P005,252
P005,242
P005,212
P005,278
P005,256
P005,241
P005,227
P005,213
P005,282
P005,221
P005,209
P005,230
P005,361
P005,282
P005,224
P005,255
P005,268
P005,278
P005,256
P005,293
P005,236
P005,242
P005,265
P005,279
P005,250
P005,277
P005,233
P005,263
P005,271
P005,225
P005,232
P005,361
P005,249
P005,261
P005,337
P005,261
P005,388
P005,248
P005,260
P005,226
P005,231
P005,270
P005,221
P005,254
P005,300
P005,297
P005,282
P005,279
P005,240
P005,292
P005,270
P005,293
P005,231
P005,320
P005,227
P005,271
P005,220
P005,299
P005,292
P006,301
P006,243
P006,335
P006,480
P006,307
P006,294
P006,274
P006,291
P006,848
P006,251
P006,348
P006,248
P006,408
P006,338
P006,462
P006,266
P006,291
P006,232
P006,262
P006,282
P006,268
P006,211
P006,284
P006,355
P006,279
P006,293
P006,322
P006,296
P006,388
P006,289
P006,332
P006,324
P006,394
P006,308
P006,364
P006,322
P006,332
P006,274
P006,256
P006,287
P006,259
P006,270
P006,415
P006,261
P006,264
P006,345
P006,341
P006,423
P006,341
P006,284
P006,459
P006,474
P006,269
P006,270
P006,323
P006,418
P006,372
P006,382
P006,385
P006,554
P006,0
P006,338
P006,508
P006,503
P006,340
P006,325
P006,347
P006,236
P006,292
P006,300
P006,298
P006,301
P006,467
P006,401
P006,409
P006,325
P006,270
P006,368
P006,638
P006,559
P006,524
P006,445
P006,264
P006,312
P006,328
P006,1050
P006,311
P006,358
P006,335
P006,451
P007,239
P007,491
P007,261
P007,273
P007,235
P007,351
P007,298
P007,251
P007,261
P007,282
P007,283
P007,277
P007,270
P007,275
P007,405
P007,230
P007,283
P007,233
P007,259
P007,242
P007,244
P007,335
P007,309
P007,275
P007,354
P007,314
P007,275
P007,298
P007,277
P007,308
P007,298
P007,290
P007,430
P007,282
P007,296
P007,275
P007,266
P007,295
P007,205
P007,237
P007,283
P007,294
P007,264
P007,329
P007,248
P007,261
P007,316
P007,347
P007,252
P007,281
P007,343
P007,320
P007,290
P007,282
P007,446
P007,284
P007,298
P007,434
P007,261
P007,349
P007,258
P007,317
P007,318
P007,255
P007,298
P007,407
P007,321
P007,344
P007,381
P007,321
P007,372
P007,284
P007,294
P007,316
P007,263
P007,295
P007,348
P007,408
P007,581
P007,241
P007,288
P007,345
P007,351
P007,382
P007,384
P007,373
P007,296
P007,275
P007,286
P007,351
P007,302
P007,273
P007,380
P007,492
P007,257
P007,255
P008,32010
P008,54225
P008,47937
P008,32983
P008,26889
P008,40399
P008,23287
P008,26332
P008,33736
P008,19501
P008,27751
P008,17893
P008,22994
P008,27640
P008,23248
P008,30632
P008,18595
P008,15436
P009,288
P009,286
P009,283
P009,302
P009,369
P009,369
P009,300
P009,283
P009,277
P009,262
P009,276
P009,262
P009,371
P009,410
P009,312
P009,318
P009,0
P009,375
P009,322
P009,344
P009,402
P009,337
P009,383
P009,414
P009,306
P009,309
P009,352
P009,346
P009,238
P009,313
P009,339
P009,371
P009,364
P009,352
P009,394
P009,331
P009,396
P009,417
P009,415
P009,427
P009,319
P009,393
P009,347
P009,370
P009,331
P009,365
P009,389
P009,311
P009,239
P009,273
P009,396
P009,367
P009,401
P009,382
P009,392
P009,325
P009,344
P009,274
P009,534
P009,356
P009,406
P009,596
P009,301
P009,342
P009,406
P009,355
P009,299
P009,363
P009,386
P009,291
P009,269
P009,355
P009,681
P009,351
P009,292
P009,405
P009,442
P009,416
P009,357
P009,458
P009,372
P009,388
P009,358
P009,336
P009,391
P009,331
P009,343
P009,546
P009,392
P009,465
P009,498
P009,275
P009,272
P009,317
P009,269
P009,277
P010,338
P010,276
P010,251
P010,223
P010,284
P010,224
P010,260
P010,247
P010,261
P010,266
P010,212
P010,384
P010,301
P010,218
P010,387
P010,249
P010,211
P010,264
P010,260
P010,225
P010,302
P010,251
P010,325
P010,289
P010,238
P010,363
P010,234
P010,370
P010,296
P010,258
P010,271
P010,263
P010,249
P010,278
P010,256
P010,227
P010,268
P010,358
P010,317
P010,235
P010,268
P010,303
P010,249
P010,313
P010,282
P010,315
P010,304
P010,279
P010,304
P010,263
P010,295
P010,266
P010,229
P010,297
P010,228
P010,294
P010,363
P010,481
P010,225
P010,489
P010,248
P010,267
P010,230
P010,282
P010,274
P010,374
P010,247
P010,272
P010,319
P010,252
P010,340
P010,206
P010,325
P010,309
P010,339
P010,241
P010,217
P010,205
P010,295
P010,245
P010,216
P010,282
P010,257
P010,310
P010,328
P010,629
P010,257
P010,535
P010,396
P010,322
P011,277
P011,254
P011,224
P011,207
P011,226
P011,218
P011,257
P011,244
P011,208
P011,220
P011,252
P011,240
P011,232
P011,223
P011,226
P011,245
P011,246
P011,206
P011,322
P011,222
P011,199
P011,254
P011,389
P011,215
P011,204
P011,190
P011,251
P011,271
P011,259
P011,237
P011,292
P011,276
P011,261
P011,256
P011,241
P011,216
P011,265
P011,219
P011,206
P011,250
P011,188
P011,197
P011,231
P011,281
P011,282
P011,238
P011,238
P011,244
P011,220
P011,294
P011,289
P011,259
P011,209
P011,235
P011,280
P011,250
P011,200
P011,246
P011,221
P011,217
P011,291
P011,255
P011,232
P011,256
P011,278
P011,246
P011,228
P011,292
P011,234
P011,243
P011,312
P011,262
P011,241
P011,253
P011,232
P011,245
P011,249
P011,227
P011,269
P011,220
P011,219
P011,235
P011,238
P011,129
P011,230
P011,263
P011,258
P011,231
P011,216
P011,258
P011,316
P011,229
P011,224
P012,378
P012,270
P012,330
P012,465
P012,273
P012,374
P012,279
P012,277
P012,262
P012,340
P012,250
P012,327
P012,284
P012,324
P012,245
P012,333
P012,331
P012,354
P012,225
P012,284
P012,277
P012,274
P012,323
P012,289
P012,496
P012,277
P012,263
P012,281
P012,295
P012,304
P012,419
P012,349
P012,342
P012,343
P012,254
P012,236
P012,236
P012,267
P012,320
P012,320
P012,367
P012,300
P012,278
P012,330
P012,244
P012,402
P012,269
P012,383
P012,263
P012,387
P012,299
P012,301
P012,286
P012,383
P012,296
P012,284
P012,276
P012,361
P012,360
P012,309
P012,354
P012,340
P012,312
P012,333
P012,323
P012,258
P012,339
P012,334
P012,290
P012,262
P012,303
P012,326
P012,310
P012,296
P012,342
P012,297
P012,294
P012,219
P012,292
P012,284
P012,427
P012,256
P012,361
P012,270
P012,378
P012,323
P012,258
P012,310
P013,313
P013,234
P013,235
P013,311
P013,213
P013,310
P013,229
P013,250
P013,252
P013,269
P013,216
P013,271
P013,226
P013,230
P013,234
P013,233
P013,228
P013,235
P013,201
P013,0
P013,234
P013,633
P013,245
P013,214
P013,247
P013,315
P013,392
P013,670
P013,246
P013,268
P013,228
P013,254
P013,372
P013,231
P013,227
P013,237
P013,217
P013,224
P013,241
P013,295
P013,268
P013,280
P013,223
P013,216
P013,281
P013,245
P013,265
P013,238
P013,218
P013,237
P013,362
P013,212
P013,247
P013,198
P013,211
P013,242
P013,243
P013,221
P013,0
P013,230
P013,246
P013,249
P013,660
P013,258
P013,316
P013,372
P013,319
P013,373
P013,656
P013,217
P013,240
P013,319
P013,252
P013,246
P013,232
P013,229
P013,222
P013,0
P013,286
P013,354
P013,264
P013,274
P013,268
P013,255
P013,249
P013,267
P013,259
P013,229
P013,267
P013,271
P013,337
P013,312
P013,234
P014,382
P014,327
P014,373
P014,195
P014,213
P014,201
P014,233
P014,209
P014,226
P014,215
P014,180
P014,254
P014,252
P014,304
P014,251
P014,250
P014,244
P014,252
P014,235
P014,257
P014,317
P014,234
P014,188
P014,356
P014,245
P014,287
P014,240
P014,220
P014,312
P014,262
P014,199
P014,198
P014,197
P014,190
P014,223
P014,238
P014,258
P014,223
P014,225
P014,196
P014,212
P014,336
P014,401
P014,209
P014,297
P014,264
P014,305
P014,221
P014,235
P014,518
P014,223
P014,227
P014,249
P014,443
P014,449
P014,282
P014,289
P014,230
P014,230
P014,239
P014,282
P014,225
P014,230
P014,344
P014,221
P014,293
P014,226
P014,257
P014,371
P014,314
P014,321
P014,357
P014,200
P014,223
P014,250
P014,297
P014,276
P014,230
P014,275
P014,338
P014,239
P014,234
P014,334
P014,250
P014,289
P014,312
P014,224
P014,276
P014,487
P014,472
P014,242
P014,383
P014,382
P014,294
P014,248
P014,337
P014,380
P014,326
P014,315
P014,247
P015,254
P015,248
P015,266
P015,343
P015,481
P015,361
P015,255
P015,383
P015,251
P015,237
P015,382
P015,283
P015,259
P015,464
P015,272
P015,291
P015,358
P015,387
P015,248
P015,272
P015,404
P015,371
P015,313
P015,239
P015,354
P015,268
P015,404
P015,256
P015,256
P015,432
P015,242
P015,414
P015,497
P015,234
P015,387
P015,0
P015,309
P015,281
P015,377
P015,324
P015,297
P015,298
P015,304
P015,365
P015,487
P015,533
P015,394
P015,537
P015,359
P015,411
P015,373
P015,410
P015,362
P015,277
P015,458
P015,303
P015,571
P015,399
P015,264
P015,331
P015,297
P015,293
P015,345
P015,327
P015,476
P015,398
P015,389
P015,414
P015,458
P015,283
P015,263
P015,362
P015,259
P015,397
P015,344
P015,584
P015,329
P015,306
P015,490
P015,486
P015,413
P015,328
P015,653
P015,302
P015,389
P015,290
P015,350
P015,320
P015,483
P015,458
P015,301
P015,423
P015,583
P015,412
P015,341
P016,320
P016,197
P016,240
P016,229
P016,412
P016,325
P016,215
P016,232
P016,232
P016,225
P016,249
P016,283
P016,253
P016,333
P016,257
P016,0
P016,358
P016,269
P016,247
P016,297
P016,297
P016,265
P016,210
P016,272
P016,195
P016,243
P016,203
P016,281
P016,324
P016,210
P016,213
P016,495
P016,396
P016,273
P016,301
P016,517
P016,226
P016,243
P016,216
P016,280
P016,0
P016,278
P016,214
P016,190
P016,258
P016,256
P016,256
P016,281
P016,302
P016,329
P016,231
P016,204
P016,291
P016,296
P016,413
P016,198
P016,305
P016,240
P016,235
P016,242
P016,328
P016,190
P016,507
P016,382
P016,225
P016,275
P016,206
P016,275
P016,215
P016,229
P016,384
P016,216
P016,370
P016,321
P016,266
P016,201
P016,243
P016,213
P016,254
P016,307
P016,254
P016,214
P016,186
P016,230
P016,328
P016,241
P016,306
P016,443
P016,289
P016,232
P016,201
P016,292
P016,219
P016,193
P017,395
P017,313
P017,240
P017,308
P017,285
P017,276
P017,286
P017,244
P017,399
P017,354
P017,342
P017,293
P017,256
P017,238
P017,217
P017,266
P017,344
P017,240
P017,252
P017,242
P017,445
P017,289
P017,259
P017,235
P017,330
P017,267
P017,237
P017,235
P017,310
P017,446
P017,241
P017,264
P017,242
P017,262
P017,306
P017,449
P017,238
P017,237
P017,276
P017,268
P017,424
P017,203
P017,271
P017,288
P017,392
P017,357
P017,237
P017,237
P017,223
P017,223
P017,281
P017,325
P017,238
P017,224
P017,269
P017,238
P017,245
P017,213
P017,251
P017,292
P017,240
P017,334
P017,290
P017,362
P017,224
P017,309
P017,210
P017,250
P017,326
P017,386
P017,288
P017,236
P017,283
P017,451
P017,228
P017,267
P017,237
P017,316
P017,329
P017,430
P017,297
P017,232
P017,253
P017,554
P017,324
P017,258
P017,262
P017,330
P017,392
P017,209
P017,247
P017,285
P017,291
P017,239
P017,306
P017,275
P018,223
P018,292
P018,219
P018,214
P018,362
P018,202
P018,258
P018,416
P018,275
P018,272
P018,247
P018,408
P018,206
P018,256
P018,287
P018,218
P018,242
P018,410
P018,265
P018,323
P018,222
P018,190
P018,263
P018,292
P018,250
P018,251
P018,420
P018,224
P018,329
P018,237
P018,227
P018,252
P018,263
P018,257
P018,338
P018,216
P018,210
P018,354
P018,268
P018,218
P018,327
P018,292
P018,226
P018,206
P018,211
P018,399
P018,275
P018,262
P018,222
P018,282
P018,382
P018,255
P018,222
P018,279
P018,220
P018,298
P018,224
P018,252
P018,201
P018,444
P018,315
P018,224
P018,0
P018,233
P018,269
P018,219
P018,208
P018,295
P018,329
P018,220
P018,360
P018,217
P018,282
P018,220
P018,251
P018,242
P018,360
P018,224
P018,291
P018,299
P018,319
P018,309
P018,477
P018,306
P018,242
P018,246
P018,359
P018,200
P018,245
P018,218
P018,396
P018,355
P018,237
P018,610
P019,254
P019,224
P019,207
P019,199
P019,218
P019,270
P019,216
P019,342
P019,215
P019,235
P019,200
P019,221
P019,321
P019,328
P019,235
P019,199
P019,232
P019,274
P019,241
P019,258
P019,235
P019,266
P019,229
P019,260
P019,229
P019,253
P019,222
P019,264
P019,231
P019,232
P019,298
P019,243
P019,250
P019,264
P019,230
P019,208
P019,0
P019,219
P019,0
P019,0
P019,222
P019,258
P019,323
P019,275
P019,248
P019,237
P019,251
P019,269
P019,260
P019,272
P019,383
P019,420
P019,246
P019,273
P019,230
P019,250
P019,324
P019,233
P019,242
P019,257
P019,240
P019,262
P019,234
P019,277
P019,253
P019,0
P019,238
P019,275
P019,255
P019,283
P019,293
P019,240
P019,406
P019,213
P019,261
P019,309
P019,256
P019,329
P019,229
P019,228
P019,264
P019,223
P019,262
P019,215
P019,242
P019,209
P019,271
P019,215
P019,225
P019,222
P019,208
P019,238
P019,228
P019,350
P019,287
P019,229
P019,229
P019,219
P019,300
P019,222
P019,227
P019,0
P019,281
P019,264
P020,428
P020,288
P020,208
P020,209
P020,236
P020,233
P020,272
P020,257
P020,301
P020,234
P020,322
P020,230
P020,276
P020,242
P020,235
P020,308
P020,377
P020,510
P020,356
P020,273
P020,0
P020,414
P020,339
P020,215
P020,244
P020,229
P020,355
P020,229
P020,381
P020,344
P020,383
P020,204
P020,283
P020,386
P020,260
P020,390
P020,283
P020,315
P020,331
P020,356
P020,239
P020,209
P020,296
P020,316
P020,349
P020,214
P020,290
P020,210
P020,213
P020,268
P020,0
P020,449
P020,303
P020,511
P020,304
P020,383
P020,311
P020,265
P020,484
P020,378
P020,306
P020,291
P020,377
P020,449
P020,457
P020,403
P020,429
P020,0
P020,284
P020,339
P020,440
P020,422
P020,626
P020,224
P020,315
P020,298
P020,227
P020,299
P020,299
P020,213
P020,230
P020,232
P020,430
P020,293
P020,437
P020,354
P020,404
P020,357
P020,402
P020,0
P020,256
P020,548
P020,643
P020,233
P020,272
P020,359
P020,399
P020,460
P020,388
P020,447
P020,328
P020,436
P020,429
P020,570
P021,315
P021,249
P021,282
P021,299
P021,410
P021,282
P021,438
P021,249
P021,234
P021,275
P021,213
P021,233
P021,266
P021,241
P021,233
P021,261
P021,226
P021,242
P021,295
P021,272
P021,272
P021,230
P021,254
P021,251
P021,246
P021,242
P021,248
P021,250
P021,252
P021,252
P021,252
P021,226
P021,333
P021,308
P021,254
P021,214
P021,224
P021,299
P021,221
P021,265
P021,214
P021,261
P021,242
P021,426
P021,320
P021,257
P021,210
P021,263
P021,232
P021,225
P021,328
P021,214
P021,262
P021,233
P021,270
P021,332
P021,288
P021,247
P021,258
P021,372
P021,308
P021,328
P021,324
P021,358
P021,232
P021,235
P021,311
P021,249
P021,301
P021,279
P021,337
P021,375
P021,347
P021,310
P021,239
P021,295
P021,260
P021,219
P021,0
P021,276
P021,0
P021,244
P021,291
P021,337
P021,286
P021,299
P021,290
P021,271
P021,292
P021,259
P021,260
P021,374
P021,272
P021,405
P021,257
P021,308
P021,265
P022,254
P022,218
P022,241
P022,229
P022,238
P022,223
P022,266
P022,298
P022,294
P022,241
P022,245
P022,241
P022,242
P022,235
P022,233
P022,216
P022,226
P022,265
P022,221
P022,290
P022,390
P022,228
P022,255
P022,235
P022,241
P022,236
P022,258
P022,247
P022,245
P022,244
P022,255
P022,256
P022,263
P022,243
P022,252
P022,240
P022,242
P022,291
P022,225
P022,307
P022,262
P022,228
P022,256
P022,217
P022,248
P022,304
P022,271
P022,247
P022,253
P022,233
P022,237
P022,256
P022,257
P022,240
P022,261
P022,271
P022,249
P022,245
P022,285
P022,258
P022,252
P022,230
P022,201
P022,246
P022,235
P022,212
P022,285
P022,246
P022,258
P022,263
P022,261
P022,247
P022,315
P022,334
P022,246
P022,361
P022,251
P022,251
P022,263
P022,280
P022,235
P022,276
P022,267
P022,265
P022,319
P022,261
P022,248
P022,266
P022,246
P022,233
P022,232
P022,235
P022,222
P022,294
P022,316
P022,258
P023,225
P023,251
P023,224
P023,278
P023,186
P023,229
P023,186
P023,252
P023,210
P023,0
P023,302
P023,262
P023,208
P023,302
P023,240
P023,208
P023,225
P023,311
P023,245
P023,238
P023,241
P023,304
P023,232
P023,244
P023,256
P023,315
P023,276
P023,294
P023,216
P023,248
P023,243
P023,218
P023,263
P023,414
P023,383
P023,278
P023,216
P023,225
P023,273
P023,323
P023,318
P023,266
P023,271
P023,259
P023,240
P023,287
P023,250
P023,319
P023,294
P023,408
P023,222
P023,250
P023,0
P023,309
P023,330
P023,291
P023,302
P023,269
P023,334
P023,287
P023,262
P023,257
P023,309
P023,285
P023,332
P023,411
P023,234
P023,260
P023,256
P023,239
P023,273
P023,247
P023,337
P023,265
P023,266
P023,245
P023,275
P023,285
P023,231
P023,260
P023,290
P023,306
P023,288
P023,275
P023,318
P023,284
P023,252
P023,355
P023,316
P023,241
P023,295
P023,279
P023,292
P023,288
P024,359
P024,294
P024,273
P024,234
P024,283
P024,250
P024,239
P024,245
P024,237
P024,230
P024,234
P024,252
P024,209
P024,220
P024,336
P024,224
P024,261
P024,287
P024,263
P024,269
P024,256
P024,269
P024,266
P024,261
P024,223
P024,380
P024,253
P024,358
P024,281
P024,227
P024,215
P024,236
P024,229
P024,422
P024,260
P024,264
P024,356
P024,238
P024,311
P024,323
P024,268
P024,290
P024,254
P024,246
P024,288
P024,328
P024,346
P024,246
P024,241
P024,261
P024,278
P024,339
P024,231
P024,252
P024,229
P024,398
P024,312
P024,271
P024,284
P024,298
P024,254
P024,259
P024,224
P024,256
P024,254
P024,272
P024,231
P024,270
P024,265
P024,262
P024,359
P024,241
P024,288
P024,383
P024,315
P024,274
P024,261
P024,245
P024,242
P024,303
P024,393
P024,322
P024,412
P024,304
P024,304
P024,363
P024,269
P024,238
P024,266
P024,470
P024,275
P024,368
P024,355
P024,258
P024,268
P024,311
P024,290
P025,357
P025,299
P025,298
P025,284
P025,290
P025,247
P025,247
P025,288
P025,443
P025,382
P025,287
P025,261
P025,378
P025,285
P025,423
P025,345
P025,293
P025,310
P025,263
P025,255
P025,270
P025,226
P025,318
P025,288
P025,328
P025,326
P025,253
P025,321
P025,317
P025,251
P025,337
P025,283
P025,270
P025,425
P025,293
P025,360
P025,365
P025,261
P025,248
P025,303
P025,361
P025,323
P025,303
P025,347
P025,338
P025,396
P025,333
P025,322
P025,277
P025,273
P025,339
P025,376
P025,374
P025,297
P025,409
P025,308
P025,326
P025,307
P025,265
P025,260
P025,423
P025,274
P025,360
P025,271
P025,360
P025,354
P025,267
P025,372
P025,391
P025,320
P025,386
P025,340
P025,392
P025,341
P025,273
P025,287
P025,319
P025,301
P025,548
P025,312
P025,294
P025,365
P025,327
P025,343
P025,292
P025,383
P025,340
P025,316
P025,697
P025,503
P025,477
P025,419
P025,288
P025,327
P026,256
P026,222
P026,252
P026,316
P026,269
P026,217
P026,252
P026,246
P026,283
P026,234
P026,247
P026,232
P026,249
P026,243
P026,220
P026,263
P026,223
P026,264
P026,244
P026,238
P026,234
P026,408
P026,261
P026,282
P026,255
P026,251
P026,319
P026,266
P026,244
P026,291
P026,318
P026,436
P026,255
P026,246
P026,259
P026,264
P026,278
P026,249
P026,253
P026,251
P026,242
P026,229
P026,246
P026,251
P026,202
P026,268
P026,285
P026,240
P026,254
P026,289
P026,262
P026,254
P026,262
P026,255
P026,262
P026,278
P026,274
P026,267
P026,234
P026,323
P026,258
P026,295
P026,277
P026,346
P026,304
P026,237
P026,242
P026,222
P026,263
P026,244
P026,341
P026,301
P026,238
P026,237
P026,271
P026,368
P026,267
P026,280
P026,259
P026,281
P026,275
P026,256
P026,328
P026,337
P026,290
P026,311
P026,405
P026,411
P026,260
P026,317
P026,300
P026,225
P026,221
P026,280
P026,207
P026,316
P026,283
P026,286
P026,335
P026,286
P027,391
P027,237
P027,310
P027,224
P027,239
P027,241
P027,224
P027,203
P027,243
P027,204
P027,202
P027,243
P027,231
P027,339
P027,205
P027,239
P027,214
P027,227
P027,252
P027,286
P027,266
P027,360
P027,241
P027,295
P027,225
P027,276
P027,249
P027,241
P027,346
P027,276
P027,218
P027,245
P027,233
P027,241
P027,231
P027,209
P027,217
P027,212
P027,243
P027,323
P027,214
P027,283
P027,254
P027,304
P027,213
P027,350
P027,240
P027,253
P027,238
P027,261
P027,280
P027,336
P027,252
P027,265
P027,220
P027,229
P027,236
P027,230
P027,314
P027,415
P027,269
P027,248
P027,256
P027,248
P027,257
P027,230
P027,315
P027,247
P027,205
P027,240
P027,252
P027,295
P027,246
P027,289
P027,225
P027,274
P027,295
P027,408
P027,218
P027,227
P027,220
P027,271
P027,391
P027,576
P027,250
P027,269
P027,295
P027,246
P027,221
P027,203
P027,206
P027,257
P027,237
P027,349
P027,266
P027,221
P027,245
P028,315
P028,439
P028,218
P028,241
P028,244
P028,219
P028,217
P028,237
P028,221
P028,231
P028,215
P028,510
P028,102
P028,257
P028,219
P028,362
P028,213
P028,220
P028,213
P028,229
P028,0
P028,347
P028,316
P028,248
P028,224
P028,243
P028,245
P028,207
P028,222
P028,242
P028,219
P028,263
P028,245
P028,213
P028,248
P028,241
P028,223
P028,208
P028,237
P028,245
P028,237
P028,221
P028,251
P028,302
P028,229
P028,197
P028,285
P028,211
P028,195
P028,231
P028,268
P028,226
P028,261
P028,209
P028,231
P028,206
P028,202
P028,217
P028,215
P028,194
P028,194
P028,273
P028,228
P028,204
P028,208
P028,177
P028,194
P028,241
P028,212
P028,183
P028,209
P028,184
P028,183
P028,293
P028,240
P028,189
P028,240
P028,0
P028,200
P028,202
P028,152
P028,182
P028,227
P028,256
P028,209
P028,0
P028,174
P028,230
P028,268
P028,241
P028,287
P028,202
P028,195
P028,254
P028,184
P029,474
P029,332
P029,224
P029,286
P029,266
P029,269
P029,242
P029,269
P029,319
P029,249
P029,286
P029,207
P029,296
P029,314
P029,266
P029,266
P029,270
P029,274
P029,323
P029,279
P029,254
P029,321
P029,214
P029,329
P029,284
P029,376
P029,0
P029,271
P029,281
P029,324
P029,285
P029,382
P029,317
P029,253
P029,280
P029,239
P029,307
P029,303
P029,266
P029,302
P029,421
P029,284
P029,413
P029,277
P029,278
P029,320
P029,324
P029,303
P029,364
P029,283
P029,465
P029,327
P029,320
P029,263
P029,259
P029,311
P029,273
P029,360
P029,265
P029,387
P029,323
P029,385
P029,367
P029,287
P029,402
P029,0
P029,270
P029,391
P029,281
P029,383
P029,289
P029,297
P029,317
P029,341
P029,309
P029,482
P029,257
P029,365
P029,271
P029,285
P029,321
P029,276
P029,278
P029,343
P029,437
P029,478
P029,387
P029,364
P029,472
P029,410
P029,410
P030,484
P030,254
P030,256
P030,253
P030,212
P030,341
P030,255
P030,200
P030,227
P030,230
P030,334
P030,241
P030,192
P030,247
P030,234
P030,239
P030,215
P030,228
P030,249
P030,236
P030,242
P030,233
P030,225
P030,247
P030,252
P030,513
P030,260
P030,328
P030,341
P030,205
P030,208
P030,223
P030,232
P030,278
P030,217
P030,278
P030,221
P030,217
P030,250
P030,214
P030,246
P030,249
P030,242
P030,233
P030,370
P030,239
P030,264
P030,239
P030,219
P030,330
P030,238
P030,228
P030,236
P030,214
P030,231
P030,204
P030,195
P030,226
P030,226
P030,239
P030,212
P030,207
P030,233
P030,244
P030,234
P030,326
P030,236
P030,282
P030,225
P030,265
P030,238
P030,223
P030,230
P030,218
P030,271
P030,188
P030,220
P030,505
P030,204
P030,250
P030,232
P030,361
P030,258
P030,220
P030,253
P030,236
P030,288
P030,262
P030,216
P030,239
P030,245
P030,281
P030,298
P030,224
P030,311
P030,251
P030,215
P030,224
P030,236
P030,223
P030,207
P031,277
P031,252
P031,264
P031,246
P031,239
P031,250
P031,234
P031,267
P031,252
P031,236
P031,248
P031,266
P031,272
P031,273
P031,219
P031,0
P031,247
P031,319
P031,265
P031,241
P031,335
P031,305
P031,267
P031,258
P031,425
P031,254
P031,255
P031,238
P031,290
P031,331
P031,256
P031,379
P031,341
P031,296
P031,297
P031,258
P031,208
P031,232
P031,239
P031,233
P031,263
P031,0
P031,273
P031,223
P031,291
P031,260
P031,244
P031,322
P031,326
P031,286
P031,274
P031,0
P031,274
P031,565
P031,394
P031,349
P031,386
P031,408
P031,450
P031,285
P031,264
P031,419
P031,226
P031,422
P031,377
P031,358
P031,305
P031,432
P031,557
P031,323
P031,281
P031,244
P031,419
P031,512
P031,349
P031,478
P031,226
P031,268
P031,642
P031,343
P031,324
P031,391
P031,339
P031,515
P031,251
P031,363
P031,343
P031,475
P031,317
P031,258
P031,292
P031,384
P031,478
P031,621
P031,478
P031,251
P031,229
P031,348
P032,223
P032,225
P032,264
P032,215
P032,217
P032,263
P032,262
P032,244
P032,243
P032,245
P032,496
P032,211
P032,283
P032,294
P032,257
P032,274
P032,222
P032,252
P032,410
P032,243
P032,217
P032,283
P032,357
P032,332
P032,259
P032,244
P032,198
P032,223
P032,235
P032,427
P032,232
P032,217
P032,205
P032,275
P032,336
P032,225
P032,225
P032,238
P032,269
P032,289
P032,558
P032,248
P032,268
P032,376
P032,268
P032,227
P032,237
P032,240
P032,238
P032,246
P032,253
P032,270
P032,381
P032,254
P032,531
P032,325
P032,298
P032,408
P032,268
P032,250
P032,215
P032,240
P032,266
P032,342
P032,247
P032,189
P032,254
P032,312
P032,385
P032,302
P032,230
P032,296
P032,305
P032,249
P032,288
P032,316
P032,410
P032,292
P032,278
P032,432
P032,390
P032,381
P032,245
P032,249
P032,238
P032,208
P032,290
P032,283
P032,378
P032,308
P032,283
P032,380
P032,544
P032,265
P032,262
P032,376
P032,283
P032,225
P033,521
P033,309
P033,336
P033,557
P033,243
P033,233
P033,293
P033,277
P033,302
P033,428
P033,350
P033,253
P033,335
P033,255
P033,259
P033,368
P033,515
P033,334
P033,311
P033,282
P033,244
P033,237
P033,322
P033,444
P033,379
P033,310
P033,404
P033,451
P033,354
P033,330
P033,398
P033,318
P033,407
P033,478
P033,326
P033,286
P033,317
P033,328
P033,276
P033,323
P033,263
P033,315
P033,254
P033,301
P033,229
P033,381
P033,340
P033,286
P033,579
P033,486
P033,277
P033,348
P033,272
P033,294
P033,283
P033,364
P033,325
P033,293
P033,252
P033,346
P033,338
P033,309
P033,366
P033,286
P033,387
P033,323
P033,371
P033,278
P033,400
P033,301
P033,398
P033,305
P033,272
P033,314
P033,376
P033,295
P033,372
P033,362
P033,263
P033,297
P033,293
P033,618
P033,306
P033,269
P033,295
P033,314
P033,294
P033,386
P033,371
P033,220
P033,552
P033,345
P033,253
P033,263
P033,372
P033,292
P033,320
P033,365
P033,257
P033,301
P033,257
P034,335
P034,338
P034,238
P034,224
P034,363
P034,264
P034,254
P034,270
P034,241
P034,228
P034,201
P034,284
P034,219
P034,245
P034,228
P034,357
P034,242
P034,273
P034,256
P034,240
P034,228
P034,241
P034,204
P034,0
P034,374
P034,237
P034,223
P034,325
P034,0
P034,263
P034,237
P034,428
P034,243
P034,342
P034,260
P034,294
P034,264
P034,288
P034,281
P034,287
P034,269
P034,403
P034,240
P034,271
P034,276
P034,273
P034,442
P034,306
P034,247
P034,217
P034,246
P034,282
P034,324
P034,245
P034,229
P034,229
P034,229
P034,269
P034,330
P034,229
P034,325
P034,237
P034,223
P034,348
P034,269
P034,248
P034,348
P034,316
P034,266
P034,254
P034,275
P034,279
P034,433
P034,195
P034,237
P034,249
P034,267
P034,215
P034,282
P034,0
P034,288
P034,251
P034,223
P034,0
P034,309
P034,308
P034,333
P034,285
P034,412
P034,257
P034,310
P034,251
P034,267
P034,469
P034,297
P035,291
P035,279
P035,227
P035,299
P035,233
P035,229
P035,246
P035,423
P035,260
P035,265
P035,289
P035,250
P035,322
P035,331
P035,273
P035,268
P035,242
P035,272
P035,288
P035,241
P035,335
P035,309
P035,437
P035,253
P035,211
P035,270
P035,352
P035,259
P035,266
P035,237
P035,357
P035,223
P035,273
P035,248
P035,256
P035,253
P035,501
P035,227
P035,234
P035,232
P035,269
P035,244
P035,266
P035,443
P035,302
P035,259
P035,243
P035,295
P035,301
P035,229
P035,239
P035,292
P035,356
P035,323
P035,342
P035,263
P035,269
P035,229
P035,263
P035,226
P035,256
P035,264
P035,257
P035,227
P035,252
P035,280
P035,234
P035,221
P035,280
P035,428
P035,465
P035,259
P035,283
P035,207
P035,312
P035,260
P035,248
P035,367
P035,252
P035,251
P035,282
P035,270
P035,231
P035,280
P035,346
P035,266
P035,246
P035,315
P035,329
P035,262
P035,373
P035,231
P035,206
P035,249
P035,281
P035,276
P035,286
P035,482
P036,252
P036,247
P036,338
P036,225
P036,243
P036,386
P036,274
P036,258
P036,249
P036,228
P036,260
P036,253
P036,250
P036,249
P036,231
P036,264
P036,248
P036,234
P036,262
P036,230
P036,248
P036,229
P036,242
P036,222
P036,297
P036,393
P036,252
P036,229
P036,488
P036,278
P036,249
P036,441
P036,236
P036,252
P036,245
P036,261
P036,240
P036,214
P036,241
P036,251
P036,220
P036,243
P036,240
P036,234
P036,241
P036,259
P036,301
P036,234
P036,240
P036,228
P036,357
P036,302
P036,251
P036,302
P036,266
P036,258
P036,263
P036,255
P036,256
P036,398
P036,235
P036,262
P036,258
P036,269
P036,239
P036,273
P036,248
P036,439
P036,304
P036,272
P036,262
P036,234
P036,249
P036,257
P036,271
P036,256
P036,259
P036,227
P036,278
P036,233
P036,243
P036,260
P036,258
P036,249
P036,261
P036,285
P036,278
P036,234
P036,266
P036,280
P036,274
P036,254
P036,275
P036,239
P036,245
P036,294
P037,577
P037,222
P037,212
P037,297
P037,259
P037,314
P037,256
P037,300
P037,305
P037,249
P037,326
P037,335
P037,240
P037,361
P037,333
P037,231
P037,212
P037,221
P037,259
P037,209
P037,242
P037,221
P037,226
P037,232
P037,253
P037,225
P037,252
P037,255
P037,251
P037,273
P037,473
P037,270
P037,290
P037,321
P037,281
P037,240
P037,274
P037,285
P037,302
P037,364
P037,341
P037,286
P037,324
P037,419
P037,298
P037,228
P037,279
P037,229
P037,379
P037,325
P037,367
P037,259
P037,287
P037,236
P037,263
P037,378
P037,389
P037,454
P037,216
P037,237
P037,293
P037,216
P037,266
P037,255
P037,304
P037,278
P037,407
P037,455
P037,292
P037,365
P037,315
P037,293
P037,264
P037,435
P037,328
P037,282
P037,339
P037,280
P037,272
P037,663
P037,284
P037,230
P037,338
P037,312
P037,269
P037,632
P037,255
P037,246
P037,251
P037,352
P037,355
P037,427
P037,370
P037,298
P037,469
P037,337
P038,343
P038,241
P038,231
P038,214
P038,240
P038,225
P038,236
P038,199
P038,234
P038,214
P038,215
P038,227
P038,208
P038,219
P038,231
P038,257
P038,245
P038,254
P038,244
P038,283
P038,345
P038,221
P038,278
P038,234
P038,279
P038,244
P038,236
P038,203
P038,214
P038,267
P038,246
P038,232
P038,249
P038,241
P038,239
P038,209
P038,239
P038,231
P038,330
P038,281
P038,278
P038,228
P038,237
P038,207
P038,243
P038,229
P038,248
P038,240
P038,272
P038,295
P038,504
P038,207
P038,222
P038,250
P038,212
P038,299
P038,226
P038,229
P038,216
P038,270
P038,274
P038,208
P038,229
P038,231
P038,229
P038,289
P038,264
P038,231
P038,226
P038,241
P038,172
P038,201
P038,202
P038,219
P038,216
P038,224
P038,170
P038,310
P038,209
P038,217
P038,271
P038,204
P038,271
P038,271
P038,323
P038,247
P038,224
P038,224
P038,254
P038,207
P038,225
P038,286
P038,233
P038,224
P038,281
P038,225
P038,323
P038,228
P039,422
P039,519
P039,305
P039,307
P039,384
P039,251
P039,430
P039,297
P039,267
P039,446
P039,351
P039,284
P039,286
P039,251
P039,310
P039,323
P039,245
P039,227
P039,293
P039,264
P039,344
P039,217
P039,287
P039,255
P039,315
P039,664
P039,365
P039,270
P039,329
P039,306
P039,306
P039,387
P039,251
P039,418
P039,297
P039,317
P039,234
P039,227
P039,307
P039,322
P039,275
P039,291
P039,318
P039,538
P039,225
P039,412
P039,245
P039,214
P039,274
P039,335
P039,272
P039,249
P039,493
P039,444
P039,226
P039,292
P039,302
P039,297
P039,224
P039,325
P039,546
P039,236
P039,342
P039,297
P039,322
P039,355
P039,380
P039,257
P039,278
P039,262
P039,390
P039,296
P039,333
P039,408
P039,306
P039,241
P039,245
P039,449
P039,264
P039,237
P039,247
P039,252
P039,249
P039,268
P039,238
P039,439
P039,263
P039,310
P039,360
P039,271
P039,261
P039,492
P039,277
P039,198
P040,364
P040,266
P040,263
P040,301
P040,336
P040,334
P040,384
P040,294
P040,226
P040,224
P040,467
P040,228
P040,211
P040,390
P040,282
P040,257
P040,272
P040,251
P040,278
P040,301
P040,275
P040,233
P040,266
P040,254
P040,293
P040,267
P040,254
P040,215
P040,215
P040,310
P040,239
P040,209
P040,246
P040,226
P040,208
P040,282
P040,326
P040,258
P040,375
P040,265
P040,266
P040,248
P040,238
P040,243
P040,251
P040,265
P040,302
P040,255
P040,255
P040,273
P040,360
P040,304
P040,312
P040,285
P040,652
P040,228
P040,270
P040,261
P040,337
P040,243
P040,271
P040,296
P040,280
P040,295
P040,229
P040,325
P040,301
P040,282
P040,310
P040,284
P040,293
P040,322
P040,323
P040,318
P040,276
P040,274
P040,248
P040,244
P040,346
P040,316
P040,287
P040,309
P040,234
P040,266
P040,272
P040,252
P040,223
P040,279
P040,280
P040,346
P040,235
P040,254
P040,326
P041,499
P041,267
P041,236
P041,252
P041,234
P041,215
P041,277
P041,231
P041,233
P041,222
P041,227
P041,224
P041,298
P041,232
P041,0
P041,292
P041,274
P041,241
P041,225
P041,240
P041,253
P041,296
P041,227
P041,232
P041,193
P041,227
P041,245
P041,243
P041,229
P041,255
P041,238
P041,253
P041,314
P041,250
P041,279
P041,254
P041,233
P041,262
P041,248
P041,287
P041,254
P041,267
P041,242
P041,319
P041,253
P041,251
P041,283
P041,292
P041,254
P041,268
P041,239
P041,315
P041,407
P041,285
P041,320
P041,245
P041,307
P041,278
P041,253
P041,275
P041,245
P041,265
P041,369
P041,0
P041,420
P041,256
P041,304
P041,247
P041,344
P041,325
P041,238
P041,263
P041,235
P041,262
P041,438
P041,243
P041,279
P041,394
P041,0
P041,350
P041,245
P041,320
P041,273
P041,300
P041,396
P041,251
P041,263
P041,220
P041,264
P041,303
P041,297
P041,264
P041,271
P041,290
P041,360
P041,295
P041,365
P041,278
P041,386
P041,426
P042,212
P042,216
P042,232
P042,187
P042,201
P042,211
P042,213
P042,237
P042,235
P042,249
P042,228
P042,195
P042,0
P042,433
P042,196
P042,220
P042,192
P042,217
P042,284
P042,286
P042,236
P042,218
P042,227
P042,193
P042,220
P042,205
P042,201
P042,252
P042,218
P042,216
P042,253
P042,246
P042,214
P042,279
P042,192
P042,195
P042,263
P042,229
P042,267
P042,280
P042,199
P042,317
P042,213
P042,308
P042,214
P042,248
P042,207
P042,264
P042,179
P042,239
P042,219
P042,303
P042,279
P042,271
P042,329
P042,200
P042,233
P042,0
P042,364
P042,229
P042,240
P042,221
P042,239
P042,221
P042,0
P042,192
P042,286
P042,273
P042,295
P042,246
P042,256
P042,247
P042,219
P042,258
P042,269
P042,220
P042,213
P042,170
P042,285
P042,229
P042,294
P042,208
P042,289
P042,249
P042,248
P042,268
P042,283
P042,206
P042,342
P042,268
P042,195
P042,251
P042,222
P042,264
P042,232
P042,215
P042,253
P042,258
P042,248
P042,252
P042,199
P043,203
P043,209
P043,220
P043,233
P043,228
P043,207
P043,214
P043,345
P043,204
P043,187
P043,181
P043,223
P043,193
P043,219
P043,205
P043,204
P043,182
P043,321
P043,197
P043,225
P043,198
P043,208
P043,203
P043,200
P043,198
P043,197
P043,196
P043,225
P043,210
P043,248
P043,241
P043,189
P043,206
P043,218
P043,222
P043,225
P043,206
P043,208
P043,220
P043,214
P043,320
P043,227
P043,190
P043,199
P043,309
P043,203
P043,202
P043,181
P043,192
P043,201
P043,187
P043,199
P043,0
P043,300
P043,191
P043,210
P043,243
P043,216
P043,197
P043,214
P043,251
P043,210
P043,283
P043,220
P043,216
P043,290
P043,238
P043,232
P043,230
P043,234
P043,234
P043,217
P043,237
P043,223
P043,203
P043,220
P043,201
P043,217
P043,231
P043,226
P043,186
P043,212
P043,260
P043,290
P043,228
P043,248
P043,251
P043,234
P043,214
P043,218
P043,211
P043,205
P043,283
P043,242
P043,224
P043,238
P044,273
P044,288
P044,307
P044,312
P044,299
P044,258
P044,458
P044,302
P044,397
P044,275
P044,272
P044,280
P044,312
P044,291
P044,336
P044,273
P044,331
P044,514
P044,387
P044,296
P044,263
P044,302
P044,400
P044,298
P044,322
P044,204
P044,306
P044,267
P044,455
P044,498
P044,534
P044,369
P044,306
P044,412
P044,538
P044,380
P044,374
P044,324
P044,284
P044,241
P044,426
P044,315
P044,290
P044,258
P044,262
P044,260
P044,273
P044,299
P044,245
P044,349
P044,334
P044,294
P044,318
P044,299
P044,292
P044,302
P044,341
P044,328
P044,282
P044,321
P044,422
P044,355
P044,244
P044,315
P044,318
P044,303
P044,329
P044,368
P044,298
P044,352
P044,314
P044,421
P044,332
P044,284
P044,244
P044,368
P044,392
P044,267
P044,231
P044,452
P044,350
P044,295
P044,334
P044,388
P044,292
P044,287
P044,426
P044,328
P044,536
P045,294
P045,258
P045,249
P045,237
P045,255
P045,213
P045,235
P045,225
P045,251
P045,237
P045,212
P045,217
P045,385
P045,219
P045,237
P045,210
P045,194
P045,214
P045,202
P045,212
P045,242
P045,216
P045,245
P045,207
P045,231
P045,235
P045,235
P045,195
P045,225
P045,223
P045,241
P045,274
P045,248
P045,223
P045,224
P045,246
P045,228
P045,219
P045,352
P045,278
P045,229
P045,210
P045,202
P045,227
P045,236
P045,207
P045,242
P045,213
P045,241
P045,244
P045,213
P045,253
P045,247
P045,214
P045,263
P045,246
P045,260
P045,225
P045,226
P045,225
P045,248
P045,230
P045,208
P045,233
P045,219
P045,257
P045,218
P045,246
P045,225
P045,261
P045,247
P045,229
P045,310
P045,363
P045,237
P045,263
P045,235
P045,232
P045,270
P045,225
P045,204
P045,247
P045,217
P045,221
P045,268
P045,291
P045,305
P045,314
P045,241
P045,264
P045,350
P045,196
P045,236
P045,207
P045,221
P045,280
P045,282
P046,272
P046,287
P046,215
P046,248
P046,237
P046,243
P046,235
P046,195
P046,225
P046,241
P046,198
P046,220
P046,238
P046,220
P046,201
P046,258
P046,229
P046,246
P046,236
P046,242
P046,225
P046,186
P046,347
P046,211
P046,214
P046,249
P046,227
P046,218
P046,216
P046,208
P046,297
P046,254
P046,289
P046,237
P046,246
P046,261
P046,293
P046,0
P046,279
P046,270
P046,272
P046,312
P046,279
P046,226
P046,208
P046,222
P046,222
P046,217
P046,211
P046,363
P046,276
P046,273
P046,259
P046,217
P046,249
P046,264
P046,375
P046,222
P046,256
P046,248
P046,413
P046,280
P046,215
P046,318
P046,227
P046,287
P046,344
P046,476
P046,214
P046,322
P046,265
P046,316
P046,208
P046,246
P046,212
P046,227
P046,230
P046,0
P046,321
P046,299
P046,261
P046,380
P046,315
P046,265
P046,308
P046,253
P046,241
P046,231
P046,320
P047,340
P047,326
P047,235
P047,272
P047,388
P047,403
P047,286
P047,437
P047,294
P047,417
P047,271
P047,243
P047,324
P047,349
P047,299
P047,231
P047,391
P047,346
P047,283
P047,336
P047,389
P047,293
P047,515
P047,290
P047,369
P047,260
P047,310
P047,307
P047,599
P047,296
P047,436
P047,317
P047,320
P047,327
P047,231
P047,300
P047,338
P047,806
P047,466
P047,248
P047,341
P047,393
P047,293
P047,421
P047,422
P047,304
P047,258
P047,376
P047,278
P047,479
P047,280
P047,372
P047,395
P047,351
P047,466
P047,306
P047,584
P047,306
P047,354
P047,316
P047,490
P047,307
P047,375
P047,369
P047,429
P047,373
P047,275
P047,289
P047,553
P047,457
P047,398
P047,318
P047,377
P047,371
P047,330
P047,291
P047,373
P047,303
P047,246
P047,415
P047,339
P047,381
P047,400
P047,259
P047,310
P047,319
P047,271
P047,257
P047,334
P047,291
P047,365
P047,482
P047,295
P047,318
P047,1177
P047,293
P047,265
